start_date_inclusive,end_date_inclusive,building_identifier,electricity_consumption,electricity_unit,clean_power_percent,vendor_entity,notes
1/1/22,1/31/22,Los Angeles Office - Administrative or Professional 1,7824.943441,kwh,0,,
2/1/22,2/28/22,Los Angeles Office - Administrative or Professional 1,8074.425552,kwh,0,,
3/1/22,3/31/22,Los Angeles Office - Administrative or Professional 1,8294.465988,kwh,0,,
4/1/22,4/30/22,Los Angeles Office - Administrative or Professional 1,845032.5203,kwh,0,,
5/1/22,5/31/22,Los Angeles Office - Administrative or Professional 1,8517.396452,kwh,0,,
6/1/22,6/30/22,Los Angeles Office - Administrative or Professional 1,8485.090661,kwh,0,,
7/1/22,7/31/22,Los Angeles Office - Administrative or Professional 1,8358.508204,kwh,0,,
8/1/22,8/31/22,Los Angeles Office - Administrative or Professional 1,8157.633667,kwh,0,,
9/1/22,9/30/22,Los Angeles Office - Administrative or Professional 1,7914.180724,kwh,0,,
10/1/22,10/31/22,Los Angeles Office - Administrative or Professional 1,7666.585239,kwh,0,,
11/1/22,11/30/22,Los Angeles Office - Administrative or Professional 1,7453.937098,kwh,0,,
12/1/22,12/31/22,Los Angeles Office - Administrative or Professional 1,7309.808765,kwh,0,,
1/1/23,1/31/23,Los Angeles Office - Administrative or Professional 1,7837.511329,kwh,0,,
2/1/23,2/28/23,Los Angeles Office - Administrative or Professional 1,7888.01767,kwh,0,,
3/1/23,3/31/23,Los Angeles Office - Administrative or Professional 1,803813.8648,kwh,0,,
4/1/23,4/30/23,Los Angeles Office - Administrative or Professional 1,8264.173461,kwh,0,,
5/1/23,5/31/23,Los Angeles Office - Administrative or Professional 1,8530.436183,kwh,0,,
6/1/23,6/30/23,Los Angeles Office - Administrative or Professional 1,8794.889784,kwh,0,,
7/1/23,7/31/23,Los Angeles Office - Administrative or Professional 1,9015.782855,kwh,0,,
8/1/23,8/31/23,Los Angeles Office - Administrative or Professional 1,9158.241238,kwh,0,,
9/1/23,9/30/23,Los Angeles Office - Administrative or Professional 1,9199.773886,kwh,0,,
10/1/23,10/31/23,Los Angeles Office - Administrative or Professional 1,9133.823707,kwh,0,,
11/1/23,11/30/23,Los Angeles Office - Administrative or Professional 1,8970.802785,kwh,0,,
12/1/23,12/31/23,Los Angeles Office - Administrative or Professional 1,8736.448538,kwh,0,,
1/1/22,1/31/22,Los Angeles Office - Mixed use 1,21015.71502,kwh,0,,
2/1/22,2/28/22,Los Angeles Office - Mixed use 1,21685.75755,kwh,0,,
3/1/22,3/31/22,Los Angeles Office - Mixed use 1,22276.72759,kwh,0,,
4/1/22,4/30/22,Los Angeles Office - Mixed use 1,22695.32395,kwh,0,,
5/1/22,5/31/22,Los Angeles Office - Mixed use 1,22875.45947,kwh,0,,
6/1/22,6/30/22,Los Angeles Office - Mixed use 1,22788.69471,kwh,0,,
7/1/22,7/31/22,Los Angeles Office - Mixed use 1,22448.72793,kwh,0,,
8/1/22,8/31/22,Los Angeles Office - Mixed use 1,0,kwh,0,,
9/1/22,9/30/22,Los Angeles Office - Mixed use 1,21255.3826,kwh,0,,
10/1/22,10/31/22,Los Angeles Office - Mixed use 1,20590.40704,kwh,0,,
11/1/22,11/30/22,Los Angeles Office - Mixed use 1,20019.29074,kwh,0,,
12/1/22,12/31/22,Los Angeles Office - Mixed use 1,19632.20041,kwh,0,,
1/1/23,1/31/23,Los Angeles Office - Mixed use 1,0,kwh,0,,
2/1/23,2/28/23,Los Angeles Office - Mixed use 1,18831.21387,kwh,0,,
3/1/23,3/31/23,Los Angeles Office - Mixed use 1,19189.60052,kwh,0,,
4/1/23,4/30/23,Los Angeles Office - Mixed use 1,19729.21771,kwh,0,,
5/1/23,5/31/23,Los Angeles Office - Mixed use 1,20364.87175,kwh,0,,
6/1/23,6/30/23,Los Angeles Office - Mixed use 1,20996.20683,kwh,0,,
7/1/23,7/31/23,Los Angeles Office - Mixed use 1,21523.54904,kwh,0,,
8/1/23,8/31/23,Los Angeles Office - Mixed use 1,21863.64264,kwh,0,,
9/1/23,9/30/23,Los Angeles Office - Mixed use 1,21962.79431,kwh,0,,
10/1/23,10/31/23,Los Angeles Office - Mixed use 1,21805.3502,kwh,0,,
11/1/23,11/30/23,Los Angeles Office - Mixed use 1,21416.16727,kwh,0,,
12/1/23,12/31/23,Los Angeles Office - Mixed use 1,20856.68894,kwh,0,,
1/1/22,1/31/22,Los Angeles Office - Mixed use 2,1325525.92,kwh,0,,
2/1/22,2/28/22,Los Angeles Office - Mixed use 2,13677.87568,kwh,0,,
3/1/22,3/31/22,Los Angeles Office - Mixed use 2,1405061.87,kwh,0,,
4/1/22,4/30/22,Los Angeles Office - Mixed use 2,14314.64032,kwh,0,,
5/1/22,5/31/22,Los Angeles Office - Mixed use 2,14428.25735,kwh,0,,
6/1/22,6/30/22,Los Angeles Office - Mixed use 2,14373.53214,kwh,0,,
7/1/22,7/31/22,Los Angeles Office - Mixed use 2,14159.10461,kwh,0,,
8/1/22,8/31/22,Los Angeles Office - Mixed use 2,13818.82815,kwh,0,,
9/1/22,9/30/22,Los Angeles Office - Mixed use 2,1340642.493,kwh,0,,
10/1/22,10/31/22,Los Angeles Office - Mixed use 2,12987.00435,kwh,0,,
11/1/22,11/30/22,Los Angeles Office - Mixed use 2,12626.7837,kwh,0,,
12/1/22,12/31/22,Los Angeles Office - Mixed use 2,1238263.389,kwh,0,,
1/1/23,1/31/23,Los Angeles Office - Mixed use 2,13276.54889,kwh,0,,
2/1/23,2/28/23,Los Angeles Office - Mixed use 2,13362.10537,kwh,0,,
3/1/23,3/31/23,Los Angeles Office - Mixed use 2,13616.40657,kwh,0,,
4/1/23,4/30/23,Los Angeles Office - Mixed use 2,1399930.391,kwh,0,,
5/1/23,5/31/23,Los Angeles Office - Mixed use 2,14450.34632,kwh,0,,
6/1/23,6/30/23,Los Angeles Office - Mixed use 2,14898.32413,kwh,0,,
7/1/23,7/31/23,Los Angeles Office - Mixed use 2,15272.51149,kwh,0,,
8/1/23,8/31/23,Los Angeles Office - Mixed use 2,15513.83244,kwh,0,,
9/1/23,9/30/23,Los Angeles Office - Mixed use 2,0,kwh,0,,
10/1/23,10/31/23,Los Angeles Office - Mixed use 2,15472.46975,kwh,0,,
11/1/23,11/30/23,Los Angeles Office - Mixed use 2,0,kwh,0,,
12/1/23,12/31/23,Los Angeles Office - Mixed use 2,14799.32612,kwh,0,,
1/1/22,1/31/22,Phoenix Office - Administrative or Professional 1,6089.183386,kwh,0,,
2/1/22,2/28/22,Phoenix Office - Administrative or Professional 1,6283.324384,kwh,0,,
3/1/22,3/31/22,Phoenix Office - Administrative or Professional 1,6454.554576,kwh,0,,
4/1/22,4/30/22,Phoenix Office - Administrative or Professional 1,0,kwh,0,,
5/1/22,5/31/22,Phoenix Office - Administrative or Professional 1,6628.033719,kwh,0,,
6/1/22,6/30/22,Phoenix Office - Administrative or Professional 1,6602.894127,kwh,0,,
7/1/22,7/31/22,Phoenix Office - Administrative or Professional 1,6504.390693,kwh,0,,
8/1/22,8/31/22,Phoenix Office - Administrative or Professional 1,6348.074945,kwh,0,,
9/1/22,9/30/22,Phoenix Office - Administrative or Professional 1,6158.6257,kwh,0,,
10/1/22,10/31/22,Phoenix Office - Administrative or Professional 1,5965.952831,kwh,0,,
11/1/22,11/30/22,Phoenix Office - Administrative or Professional 1,5800.475145,kwh,0,,
12/1/22,12/31/22,Phoenix Office - Administrative or Professional 1,5688.317931,kwh,0,,
1/1/23,1/31/23,Phoenix Office - Administrative or Professional 1,6098.963416,kwh,0,,
2/1/23,2/28/23,Phoenix Office - Administrative or Professional 1,6138.26624,kwh,0,,
3/1/23,3/31/23,Phoenix Office - Administrative or Professional 1,6255.086786,kwh,0,,
4/1/23,4/30/23,Phoenix Office - Administrative or Professional 1,6430.981658,kwh,0,,
5/1/23,5/31/23,Phoenix Office - Administrative or Professional 1,6638.180925,kwh,0,,
6/1/23,6/30/23,Phoenix Office - Administrative or Professional 1,6843.972377,kwh,0,,
7/1/23,7/31/23,Phoenix Office - Administrative or Professional 1,7015.866069,kwh,0,,
8/1/23,8/31/23,Phoenix Office - Administrative or Professional 1,0,kwh,0,,
9/1/23,9/30/23,Phoenix Office - Administrative or Professional 1,7159.043478,kwh,0,,
10/1/23,10/31/23,Phoenix Office - Administrative or Professional 1,7107.72263,kwh,0,,
11/1/23,11/30/23,Phoenix Office - Administrative or Professional 1,6980.863657,kwh,0,,
12/1/23,12/31/23,Phoenix Office - Administrative or Professional 1,6798.4948,kwh,0,,
1/1/22,1/31/22,Phoenix Office - Administrative or Professional 2,8775.404512,kwh,0,,
2/1/22,2/28/22,Phoenix Office - Administrative or Professional 2,9055.190106,kwh,0,,
3/1/22,3/31/22,Phoenix Office - Administrative or Professional 2,9301.957875,kwh,0,,
4/1/22,4/30/22,Phoenix Office - Administrative or Professional 2,9476.748614,kwh,0,,
5/1/22,5/31/22,Phoenix Office - Administrative or Professional 2,9551.96671,kwh,0,,
6/1/22,6/30/22,Phoenix Office - Administrative or Professional 2,951573.6879,kwh,0,,
7/1/22,7/31/22,Phoenix Office - Administrative or Professional 2,9373.779013,kwh,0,,
8/1/22,8/31/22,Phoenix Office - Administrative or Professional 2,914850.514,kwh,0,,
9/1/22,9/30/22,Phoenix Office - Administrative or Professional 2,8875.48105,kwh,0,,
10/1/22,10/31/22,Phoenix Office - Administrative or Professional 2,8597.811244,kwh,0,,
11/1/22,11/30/22,Phoenix Office - Administrative or Professional 2,8359.333679,kwh,0,,
12/1/22,12/31/22,Phoenix Office - Administrative or Professional 2,8197.698718,kwh,0,,
1/1/23,1/31/23,Phoenix Office - Administrative or Professional 2,781288.797,kwh,0,,
2/1/23,2/28/23,Phoenix Office - Administrative or Professional 2,7863.235633,kwh,0,,
3/1/23,3/31/23,Phoenix Office - Administrative or Professional 2,8012.884971,kwh,0,,
4/1/23,4/30/23,Phoenix Office - Administrative or Professional 2,823820.9644,kwh,0,,
5/1/23,5/31/23,Phoenix Office - Administrative or Professional 2,8503.635839,kwh,0,,
6/1/23,6/30/23,Phoenix Office - Administrative or Professional 2,8767.258598,kwh,0,,
7/1/23,7/31/23,Phoenix Office - Administrative or Professional 2,8987.457682,kwh,0,,
8/1/23,8/31/23,Phoenix Office - Administrative or Professional 2,9129.468499,kwh,0,,
9/1/23,9/30/23,Phoenix Office - Administrative or Professional 2,9170.870662,kwh,0,,
10/1/23,10/31/23,Phoenix Office - Administrative or Professional 2,9105.127681,kwh,0,,
11/1/23,11/30/23,Phoenix Office - Administrative or Professional 2,8942.618927,kwh,0,,
12/1/23,12/31/23,Phoenix Office - Administrative or Professional 2,8709.000959,kwh,0,,
1/1/22,1/31/22,Houston Office - Mixed use 2,16006.47673,kwh,0,,
2/1/22,2/28/22,Houston Office - Mixed use 2,16516.81008,kwh,0,,
3/1/22,3/31/22,Houston Office - Mixed use 2,0,kwh,0,,
4/1/22,4/30/22,Houston Office - Mixed use 2,17285.73947,kwh,0,,
5/1/22,5/31/22,Houston Office - Mixed use 2,17422.93847,kwh,0,,
6/1/22,6/30/22,Houston Office - Mixed use 2,0,kwh,0,,
7/1/22,7/31/22,Houston Office - Mixed use 2,17097.92129,kwh,0,,
8/1/22,8/31/22,Houston Office - Mixed use 2,16687.01818,kwh,0,,
9/1/22,9/30/22,Houston Office - Mixed use 2,16189.01792,kwh,0,,
10/1/22,10/31/22,Houston Office - Mixed use 2,15682.54379,kwh,0,,
11/1/22,11/30/22,Houston Office - Mixed use 2,15247.55694,kwh,0,,
12/1/22,12/31/22,Houston Office - Mixed use 2,14952.73221,kwh,0,,
1/1/23,1/31/23,Houston Office - Mixed use 2,14250.83132,kwh,0,,
2/1/23,2/28/23,Houston Office - Mixed use 2,14342.66625,kwh,0,,
3/1/23,3/31/23,Houston Office - Mixed use 2,14615.62901,kwh,0,,
4/1/23,4/30/23,Houston Office - Mixed use 2,15026.62478,kwh,0,,
5/1/23,5/31/23,Houston Office - Mixed use 2,15510.76637,kwh,0,,
6/1/23,6/30/23,Houston Office - Mixed use 2,15991.61845,kwh,0,,
7/1/23,7/31/23,Houston Office - Mixed use 2,16393.26506,kwh,0,,
8/1/23,8/31/23,Houston Office - Mixed use 2,1665229.504,kwh,0,,
9/1/23,9/30/23,Houston Office - Mixed use 2,16727.81324,kwh,0,,
10/1/23,10/31/23,Houston Office - Mixed use 2,16607.89701,kwh,0,,
11/1/23,11/30/23,Houston Office - Mixed use 2,16311.47847,kwh,0,,
12/1/23,12/31/23,Houston Office - Mixed use 2,0,kwh,0,,
1/1/22,1/31/22,New York City Office - Administrative or Professional 4,10274.32836,kwh,0,,
2/1/22,2/28/22,New York City Office - Administrative or Professional 4,0,kwh,0,,
3/1/22,3/31/22,New York City Office - Administrative or Professional 4,10890.82213,kwh,0,,
4/1/22,4/30/22,New York City Office - Administrative or Professional 4,11095.46881,kwh,0,,
5/1/22,5/31/22,New York City Office - Administrative or Professional 4,11183.53489,kwh,0,,
6/1/22,6/30/22,New York City Office - Administrative or Professional 4,11141.11665,kwh,0,,
7/1/22,7/31/22,New York City Office - Administrative or Professional 4,10974.91101,kwh,0,,
8/1/22,8/31/22,New York City Office - Administrative or Professional 4,10711.15818,kwh,0,,
9/1/22,9/30/22,New York City Office - Administrative or Professional 4,10391.49894,kwh,0,,
10/1/22,10/31/22,New York City Office - Administrative or Professional 4,10066.40045,kwh,0,,
11/1/22,11/30/22,New York City Office - Administrative or Professional 4,9787.188615,kwh,0,,
12/1/22,12/31/22,New York City Office - Administrative or Professional 4,9597.944841,kwh,0,,
1/1/23,1/31/23,New York City Office - Administrative or Professional 4,10290.83029,kwh,0,,
2/1/23,2/28/23,New York City Office - Administrative or Professional 4,10357.14626,kwh,0,,
3/1/23,3/31/23,New York City Office - Administrative or Professional 4,10554.25851,kwh,0,,
4/1/23,4/30/23,New York City Office - Administrative or Professional 4,10851.04735,kwh,0,,
5/1/23,5/31/23,New York City Office - Administrative or Professional 4,11200.65635,kwh,0,,
6/1/23,6/30/23,New York City Office - Administrative or Professional 4,11547.88993,kwh,0,,
7/1/23,7/31/23,New York City Office - Administrative or Professional 4,11837.92755,kwh,0,,
8/1/23,8/31/23,New York City Office - Administrative or Professional 4,12024.97864,kwh,0,,
9/1/23,9/30/23,New York City Office - Administrative or Professional 4,12079.51195,kwh,0,,
10/1/23,10/31/23,New York City Office - Administrative or Professional 4,11992.91787,kwh,0,,
11/1/23,11/30/23,New York City Office - Administrative or Professional 4,11778.86769,kwh,0,,
12/1/23,12/31/23,New York City Office - Administrative or Professional 4,11471.15525,kwh,0,,
1/1/22,1/31/22,Chicago Office - Administrative or Professional 1,5689.262608,kwh,0,,
2/1/22,2/28/22,Chicago Office - Administrative or Professional 1,5870.65296,kwh,0,,
3/1/22,3/31/22,Chicago Office - Administrative or Professional 1,6030.637225,kwh,0,,
4/1/22,4/30/22,Chicago Office - Administrative or Professional 1,6143.957405,kwh,0,,
5/1/22,5/31/22,Chicago Office - Administrative or Professional 1,6192.722736,kwh,0,,
6/1/22,6/30/22,Chicago Office - Administrative or Professional 1,6169.234243,kwh,0,,
7/1/22,7/31/22,Chicago Office - Administrative or Professional 1,6077.200243,kwh,0,,
8/1/22,8/31/22,Chicago Office - Administrative or Professional 1,5931.150882,kwh,0,,
9/1/22,9/30/22,Chicago Office - Administrative or Professional 1,5754.144142,kwh,0,,
10/1/22,10/31/22,Chicago Office - Administrative or Professional 1,5574.125495,kwh,0,,
11/1/22,11/30/22,Chicago Office - Administrative or Professional 1,5419.515928,kwh,0,,
12/1/22,12/31/22,Chicago Office - Administrative or Professional 1,5314.724891,kwh,0,,
1/1/23,1/31/23,Chicago Office - Administrative or Professional 1,5065.244722,kwh,0,,
2/1/23,2/28/23,Chicago Office - Administrative or Professional 1,5097.886075,kwh,0,,
3/1/23,3/31/23,Chicago Office - Administrative or Professional 1,5194.906604,kwh,0,,
4/1/23,4/30/23,Chicago Office - Administrative or Professional 1,5340.988899,kwh,0,,
5/1/23,5/31/23,Chicago Office - Administrative or Professional 1,5513.069779,kwh,0,,
6/1/23,6/30/23,Chicago Office - Administrative or Professional 1,5683.981456,kwh,0,,
7/1/23,7/31/23,Chicago Office - Administrative or Professional 1,5826.740734,kwh,0,,
8/1/23,8/31/23,Chicago Office - Administrative or Professional 1,5918.809063,kwh,0,,
9/1/23,9/30/23,Chicago Office - Administrative or Professional 1,5945.650878,kwh,0,,
10/1/23,10/31/23,Chicago Office - Administrative or Professional 1,5903.028446,kwh,0,,
11/1/23,11/30/23,Chicago Office - Administrative or Professional 1,5797.670912,kwh,0,,
12/1/23,12/31/23,Chicago Office - Administrative or Professional 1,5646.211914,kwh,0,,
1/1/22,1/31/22,Las Vegas Office - Mixed use 4,18980.92064,kwh,0,,
2/1/22,2/28/22,Las Vegas Office - Mixed use 4,19586.08797,kwh,0,,
3/1/22,3/31/22,Las Vegas Office - Mixed use 4,20119.8388,kwh,0,,
4/1/22,4/30/22,Las Vegas Office - Mixed use 4,20497.90561,kwh,0,,
5/1/22,5/31/22,Las Vegas Office - Mixed use 4,20660.59996,kwh,0,,
6/1/22,6/30/22,Las Vegas Office - Mixed use 4,20582.23598,kwh,0,,
7/1/22,7/31/22,Las Vegas Office - Mixed use 4,20275.18564,kwh,0,,
8/1/22,8/31/22,Las Vegas Office - Mixed use 4,0,kwh,0,,
9/1/22,9/30/22,Las Vegas Office - Mixed use 4,19197.38301,kwh,0,,
10/1/22,10/31/22,Las Vegas Office - Mixed use 4,18596.79205,kwh,0,,
11/1/22,11/30/22,Las Vegas Office - Mixed use 4,1808097.267,kwh,0,,
12/1/22,12/31/22,Las Vegas Office - Mixed use 4,17731.3614,kwh,0,,
1/1/23,1/31/23,Las Vegas Office - Mixed use 4,16899.028,kwh,0,,
2/1/23,2/28/23,Las Vegas Office - Mixed use 4,17007.92839,kwh,0,,
3/1/23,3/31/23,Las Vegas Office - Mixed use 4,17331.61514,kwh,0,,
4/1/23,4/30/23,Las Vegas Office - Mixed use 4,17818.98524,kwh,0,,
5/1/23,5/31/23,Las Vegas Office - Mixed use 4,18393.09365,kwh,0,,
6/1/23,6/30/23,Las Vegas Office - Mixed use 4,18963.30129,kwh,0,,
7/1/23,7/31/23,Las Vegas Office - Mixed use 4,19439.5849,kwh,0,,
8/1/23,8/31/23,Las Vegas Office - Mixed use 4,19746.74977,kwh,0,,
9/1/23,9/30/23,Las Vegas Office - Mixed use 4,19836.30134,kwh,0,,
10/1/23,10/31/23,Las Vegas Office - Mixed use 4,19694.10136,kwh,0,,
11/1/23,11/30/23,Las Vegas Office - Mixed use 4,19342.6001,kwh,0,,
12/1/23,12/31/23,Las Vegas Office - Mixed use 4,18837.29187,kwh,0,,
1/1/22,1/31/22,Atlanta Office - Administrative or Professional 1,8841.884849,kwh,0,,
2/1/22,2/28/22,Atlanta Office - Administrative or Professional 1,9123.790031,kwh,0,,
3/1/22,3/31/22,Atlanta Office - Administrative or Professional 1,9372.427253,kwh,0,,
4/1/22,4/30/22,Atlanta Office - Administrative or Professional 1,9548.542165,kwh,0,,
5/1/22,5/31/22,Atlanta Office - Administrative or Professional 1,9624.330094,kwh,0,,
6/1/22,6/30/22,Atlanta Office - Administrative or Professional 1,9587.825794,kwh,0,,
7/1/22,7/31/22,Atlanta Office - Administrative or Professional 1,9444.792491,kwh,0,,
8/1/22,8/31/22,Atlanta Office - Administrative or Professional 1,9217.811997,kwh,0,,
9/1/22,9/30/22,Atlanta Office - Administrative or Professional 1,8942.719543,kwh,0,,
10/1/22,10/31/22,Atlanta Office - Administrative or Professional 1,8662.946178,kwh,0,,
11/1/22,11/30/22,Atlanta Office - Administrative or Professional 1,8422.661964,kwh,0,,
12/1/22,12/31/22,Atlanta Office - Administrative or Professional 1,8259.802496,kwh,0,,
1/1/23,1/31/23,Atlanta Office - Administrative or Professional 1,8856.086079,kwh,0,,
2/1/23,2/28/23,Atlanta Office - Administrative or Professional 1,8913.1563,kwh,0,,
3/1/23,3/31/23,Atlanta Office - Administrative or Professional 1,9082.787226,kwh,0,,
4/1/23,4/30/23,Atlanta Office - Administrative or Professional 1,933819.7863,kwh,0,,
5/1/23,5/31/23,Atlanta Office - Administrative or Professional 1,9639.064488,kwh,0,,
6/1/23,6/30/23,Atlanta Office - Administrative or Professional 1,9937.886876,kwh,0,,
7/1/23,7/31/23,Atlanta Office - Administrative or Professional 1,10187.48754,kwh,0,,
8/1/23,8/31/23,Atlanta Office - Administrative or Professional 1,0,kwh,0,,
9/1/23,9/30/23,Atlanta Office - Administrative or Professional 1,10395.39032,kwh,0,,
10/1/23,10/31/23,Atlanta Office - Administrative or Professional 1,10320.86916,kwh,0,,
11/1/23,11/30/23,Atlanta Office - Administrative or Professional 1,10136.6618,kwh,0,,
12/1/23,12/31/23,Atlanta Office - Administrative or Professional 1,9871.850519,kwh,0,,
1/1/22,1/31/22,Denver Office - Mixed use 1,2356946.305,kwh,0,,
2/1/22,2/28/22,Denver Office - Mixed use 1,24320.92655,kwh,0,,
3/1/22,3/31/22,Denver Office - Mixed use 1,24983.70897,kwh,0,,
4/1/22,4/30/22,Denver Office - Mixed use 1,25453.17153,kwh,0,,
5/1/22,5/31/22,Denver Office - Mixed use 1,25655.19642,kwh,0,,
6/1/22,6/30/22,Denver Office - Mixed use 1,25557.88835,kwh,0,,
7/1/22,7/31/22,Denver Office - Mixed use 1,25176.61012,kwh,0,,
8/1/22,8/31/22,Denver Office - Mixed use 1,24571.55719,kwh,0,,
9/1/22,9/30/22,Denver Office - Mixed use 1,23838.25411,kwh,0,,
10/1/22,10/31/22,Denver Office - Mixed use 1,23092.4733,kwh,0,,
11/1/22,11/30/22,Denver Office - Mixed use 1,22451.95717,kwh,0,,
12/1/22,12/31/22,Denver Office - Mixed use 1,22017.82912,kwh,0,,
1/1/23,1/31/23,Denver Office - Mixed use 1,0,kwh,0,,
2/1/23,2/28/23,Denver Office - Mixed use 1,23759.44854,kwh,0,,
3/1/23,3/31/23,Denver Office - Mixed use 1,24211.62699,kwh,0,,
4/1/23,4/30/23,Denver Office - Mixed use 1,24892.46504,kwh,0,,
5/1/23,5/31/23,Denver Office - Mixed use 1,25694.47331,kwh,0,,
6/1/23,6/30/23,Denver Office - Mixed use 1,26491.03234,kwh,0,,
7/1/23,7/31/23,Denver Office - Mixed use 1,27156.38298,kwh,0,,
8/1/23,8/31/23,Denver Office - Mixed use 1,27585.48098,kwh,0,,
9/1/23,9/30/23,Denver Office - Mixed use 1,27710.58121,kwh,0,,
10/1/23,10/31/23,Denver Office - Mixed use 1,27511.93309,kwh,0,,
11/1/23,11/30/23,Denver Office - Mixed use 1,27020.89879,kwh,0,,
12/1/23,12/31/23,Denver Office - Mixed use 1,26315.00183,kwh,0,,
1/1/22,1/31/22,Philadelphia Office - Mixed use 1,14642.31547,kwh,0,,
2/1/22,2/28/22,Philadelphia Office - Mixed use 1,15109.15537,kwh,0,,
3/1/22,3/31/22,Philadelphia Office - Mixed use 1,15520.90294,kwh,0,,
4/1/22,4/30/22,Philadelphia Office - Mixed use 1,15812.5523,kwh,0,,
5/1/22,5/31/22,Philadelphia Office - Mixed use 1,15938.05844,kwh,0,,
6/1/22,6/30/22,Philadelphia Office - Mixed use 1,15877.60668,kwh,0,,
7/1/22,7/31/22,Philadelphia Office - Mixed use 1,15640.74104,kwh,0,,
8/1/22,8/31/22,Philadelphia Office - Mixed use 1,15264.85738,kwh,0,,
9/1/22,9/30/22,Philadelphia Office - Mixed use 1,14809.29948,kwh,0,,
10/1/22,10/31/22,Philadelphia Office - Mixed use 1,14345.98991,kwh,0,,
11/1/22,11/30/22,Philadelphia Office - Mixed use 1,13948.07506,kwh,0,,
12/1/22,12/31/22,Philadelphia Office - Mixed use 1,13678.37694,kwh,0,,
1/1/23,1/31/23,Philadelphia Office - Mixed use 1,13036.29596,kwh,0,,
2/1/23,2/28/23,Philadelphia Office - Mixed use 1,0,kwh,0,,
3/1/23,3/31/23,Philadelphia Office - Mixed use 1,0,kwh,0,,
4/1/23,4/30/23,Philadelphia Office - Mixed use 1,0,kwh,0,,
5/1/23,5/31/23,Philadelphia Office - Mixed use 1,14188.85231,kwh,0,,
6/1/23,6/30/23,Philadelphia Office - Mixed use 1,14628.7235,kwh,0,,
7/1/23,7/31/23,Philadelphia Office - Mixed use 1,14996.13955,kwh,0,,
8/1/23,8/31/23,Philadelphia Office - Mixed use 1,15233.09355,kwh,0,,
9/1/23,9/30/23,Philadelphia Office - Mixed use 1,15302.17566,kwh,0,,
10/1/23,10/31/23,Philadelphia Office - Mixed use 1,15192.47936,kwh,0,,
11/1/23,11/30/23,Philadelphia Office - Mixed use 1,14921.32326,kwh,0,,
12/1/23,12/31/23,Philadelphia Office - Mixed use 1,14531.51696,kwh,0,,
1/1/22,1/31/22,Philadelphia Office - Administrative or Professional 1,7113.396082,kwh,0,,
2/1/22,2/28/22,Philadelphia Office - Administrative or Professional 1,7340.19198,kwh,0,,
3/1/22,3/31/22,Philadelphia Office - Administrative or Professional 1,7540.223429,kwh,0,,
4/1/22,4/30/22,Philadelphia Office - Administrative or Professional 1,768190.9862,kwh,0,,
5/1/22,5/31/22,Philadelphia Office - Administrative or Professional 1,7742.882106,kwh,0,,
6/1/22,6/30/22,Philadelphia Office - Administrative or Professional 1,7713.513985,kwh,0,,
7/1/22,7/31/22,Philadelphia Office - Administrative or Professional 1,7598.442079,kwh,0,,
8/1/22,8/31/22,Philadelphia Office - Administrative or Professional 1,7415.833712,kwh,0,,
9/1/22,9/30/22,Philadelphia Office - Administrative or Professional 1,719451.873,kwh,0,,
10/1/22,10/31/22,Philadelphia Office - Administrative or Professional 1,6969.437902,kwh,0,,
11/1/22,11/30/22,Philadelphia Office - Administrative or Professional 1,6776.126543,kwh,0,,
12/1/22,12/31/22,Philadelphia Office - Administrative or Professional 1,6645.104264,kwh,0,,
1/1/23,1/31/23,Philadelphia Office - Administrative or Professional 1,7124.821131,kwh,0,,
2/1/23,2/28/23,Philadelphia Office - Administrative or Professional 1,7170.734768,kwh,0,,
3/1/23,3/31/23,Philadelphia Office - Administrative or Professional 1,7307.204761,kwh,0,,
4/1/23,4/30/23,Philadelphia Office - Administrative or Professional 1,7512.685499,kwh,0,,
5/1/23,5/31/23,Philadelphia Office - Administrative or Professional 1,7754.736092,kwh,0,,
6/1/23,6/30/23,Philadelphia Office - Administrative or Professional 1,7995.142073,kwh,0,,
7/1/23,7/31/23,Philadelphia Office - Administrative or Professional 1,8195.948625,kwh,0,,
8/1/23,8/31/23,Philadelphia Office - Administrative or Professional 1,8325.452807,kwh,0,,
9/1/23,9/30/23,Philadelphia Office - Administrative or Professional 1,8363.208757,kwh,0,,
10/1/23,10/31/23,Philadelphia Office - Administrative or Professional 1,8303.255641,kwh,0,,
11/1/23,11/30/23,Philadelphia Office - Administrative or Professional 1,8155.058738,kwh,0,,
12/1/23,12/31/23,Philadelphia Office - Administrative or Professional 1,7942.015079,kwh,0,,
1/1/22,1/31/22,Boston Office - Mixed use 1,16304.11191,kwh,0,,
2/1/22,2/28/22,Boston Office - Mixed use 1,16823.93474,kwh,0,,
3/1/22,3/31/22,Boston Office - Mixed use 1,17282.41268,kwh,0,,
4/1/22,4/30/22,Boston Office - Mixed use 1,17607.16212,kwh,0,,
5/1/22,5/31/22,Boston Office - Mixed use 1,17746.91229,kwh,0,,
6/1/22,6/30/22,Boston Office - Mixed use 1,17679.5997,kwh,0,,
7/1/22,7/31/22,Boston Office - Mixed use 1,17415.85152,kwh,0,,
8/1/22,8/31/22,Boston Office - Mixed use 1,16997.30781,kwh,0,,
9/1/22,9/30/22,Boston Office - Mixed use 1,16490.04739,kwh,0,,
10/1/22,10/31/22,Boston Office - Mixed use 1,15974.15555,kwh,0,,
11/1/22,11/30/22,Boston Office - Mixed use 1,15531.08026,kwh,0,,
12/1/22,12/31/22,Boston Office - Mixed use 1,15230.77336,kwh,0,,
1/1/23,1/31/23,Boston Office - Mixed use 1,14515.82085,kwh,0,,
2/1/23,2/28/23,Boston Office - Mixed use 1,14609.36343,kwh,0,,
3/1/23,3/31/23,Boston Office - Mixed use 1,14887.40184,kwh,0,,
4/1/23,4/30/23,Boston Office - Mixed use 1,15306.03994,kwh,0,,
5/1/23,5/31/23,Boston Office - Mixed use 1,15799.18398,kwh,0,,
6/1/23,6/30/23,Boston Office - Mixed use 1,16288.97735,kwh,0,,
7/1/23,7/31/23,Boston Office - Mixed use 1,16698.09245,kwh,0,,
8/1/23,8/31/23,Boston Office - Mixed use 1,16961.93901,kwh,0,,
9/1/23,9/30/23,Boston Office - Mixed use 1,0,kwh,0,,
10/1/23,10/31/23,Boston Office - Mixed use 1,16916.7154,kwh,0,,
11/1/23,11/30/23,Boston Office - Mixed use 1,16614.78506,kwh,0,,
12/1/23,12/31/23,Boston Office - Mixed use 1,16180.73857,kwh,0,,
1/1/22,1/31/22,Nashville Office - Administrative or Professional 1,9250.11567,kwh,0,,
2/1/22,2/28/22,Nashville Office - Administrative or Professional 1,9545.036445,kwh,0,,
3/1/22,3/31/22,Nashville Office - Administrative or Professional 1,9805.153276,kwh,0,,
4/1/22,4/30/22,Nashville Office - Administrative or Professional 1,9989.399433,kwh,0,,
5/1/22,5/31/22,Nashville Office - Administrative or Professional 1,10068.6865,kwh,0,,
6/1/22,6/30/22,Nashville Office - Administrative or Professional 1,10030.49679,kwh,0,,
7/1/22,7/31/22,Nashville Office - Administrative or Professional 1,9880.859625,kwh,0,,
8/1/22,8/31/22,Nashville Office - Administrative or Professional 1,9643.399417,kwh,0,,
9/1/22,9/30/22,Nashville Office - Administrative or Professional 1,9355.605913,kwh,0,,
10/1/22,10/31/22,Nashville Office - Administrative or Professional 1,9062.91538,kwh,0,,
11/1/22,11/30/22,Nashville Office - Administrative or Professional 1,8811.537217,kwh,0,,
12/1/22,12/31/22,Nashville Office - Administrative or Professional 1,8641.158509,kwh,0,,
1/1/23,1/31/23,Nashville Office - Administrative or Professional 1,8235.531175,kwh,0,,
2/1/23,2/28/23,Nashville Office - Administrative or Professional 1,8288.602428,kwh,0,,
3/1/23,3/31/23,Nashville Office - Administrative or Professional 1,8446.347144,kwh,0,,
4/1/23,4/30/23,Nashville Office - Administrative or Professional 1,8683.860899,kwh,0,,
5/1/23,5/31/23,Nashville Office - Administrative or Professional 1,8963.645496,kwh,0,,
6/1/23,6/30/23,Nashville Office - Administrative or Professional 1,9241.529097,kwh,0,,
7/1/23,7/31/23,Nashville Office - Administrative or Professional 1,9473.639993,kwh,0,,
8/1/23,8/31/23,Nashville Office - Administrative or Professional 1,9623.332976,kwh,0,,
9/1/23,9/30/23,Nashville Office - Administrative or Professional 1,9666.974816,kwh,0,,
10/1/23,10/31/23,Nashville Office - Administrative or Professional 1,9597.675427,kwh,0,,
11/1/23,11/30/23,Nashville Office - Administrative or Professional 1,9426.375657,kwh,0,,
12/1/23,12/31/23,Nashville Office - Administrative or Professional 1,9180.119974,kwh,0,,
1/1/22,1/31/22,Virginia Beach Office - Administrative or Professional 1,9213.759235,kwh,0,,
2/1/22,2/28/22,Virginia Beach Office - Administrative or Professional 1,950752.0861,kwh,0,,
3/1/22,3/31/22,Virginia Beach Office - Administrative or Professional 1,9766.615335,kwh,0,,
4/1/22,4/30/22,Virginia Beach Office - Administrative or Professional 1,9950.137335,kwh,0,,
5/1/22,5/31/22,Virginia Beach Office - Administrative or Professional 1,10029.11277,kwh,0,,
6/1/22,6/30/22,Virginia Beach Office - Administrative or Professional 1,0,kwh,0,,
7/1/22,7/31/22,Virginia Beach Office - Administrative or Professional 1,9842.02413,kwh,0,,
8/1/22,8/31/22,Virginia Beach Office - Administrative or Professional 1,9605.497229,kwh,0,,
9/1/22,9/30/22,Virginia Beach Office - Administrative or Professional 1,9318.834862,kwh,0,,
10/1/22,10/31/22,Virginia Beach Office - Administrative or Professional 1,9027.294713,kwh,0,,
11/1/22,11/30/22,Virginia Beach Office - Administrative or Professional 1,8776.904561,kwh,0,,
12/1/22,12/31/22,Virginia Beach Office - Administrative or Professional 1,8607.195505,kwh,0,,
1/1/23,1/31/23,Virginia Beach Office - Administrative or Professional 1,9228.557745,kwh,0,,
2/1/23,2/28/23,Virginia Beach Office - Administrative or Professional 1,9288.02824,kwh,0,,
3/1/23,3/31/23,Virginia Beach Office - Administrative or Professional 1,9464.79355,kwh,0,,
4/1/23,4/30/23,Virginia Beach Office - Administrative or Professional 1,9730.946317,kwh,0,,
5/1/23,5/31/23,Virginia Beach Office - Administrative or Professional 1,10044.46687,kwh,0,,
6/1/23,6/30/23,Virginia Beach Office - Administrative or Professional 1,10355.85721,kwh,0,,
7/1/23,7/31/23,Virginia Beach Office - Administrative or Professional 1,10615.95565,kwh,0,,
8/1/23,8/31/23,Virginia Beach Office - Administrative or Professional 1,10783.69836,kwh,0,,
9/1/23,9/30/23,Virginia Beach Office - Administrative or Professional 1,10832.60246,kwh,0,,
10/1/23,10/31/23,Virginia Beach Office - Administrative or Professional 1,10754.94707,kwh,0,,
11/1/23,11/30/23,Virginia Beach Office - Administrative or Professional 1,10562.99226,kwh,0,,
12/1/23,12/31/23,Virginia Beach Office - Administrative or Professional 1,10287.04348,kwh,0,,
1/1/22,1/31/22,Virginia Beach Office - Administrative or Professional 2,9155.58894,kwh,0,,
2/1/22,2/28/22,Virginia Beach Office - Administrative or Professional 2,9447.495927,kwh,0,,
3/1/22,3/31/22,Virginia Beach Office - Administrative or Professional 2,9704.954629,kwh,0,,
4/1/22,4/30/22,Virginia Beach Office - Administrative or Professional 2,0,kwh,0,,
5/1/22,5/31/22,Virginia Beach Office - Administrative or Professional 2,9965.794813,kwh,0,,
6/1/22,6/30/22,Virginia Beach Office - Administrative or Professional 2,0,kwh,0,,
7/1/22,7/31/22,Virginia Beach Office - Administrative or Professional 2,9779.887337,kwh,0,,
8/1/22,8/31/22,Virginia Beach Office - Administrative or Professional 2,9544.853729,kwh,0,,
9/1/22,9/30/22,Virginia Beach Office - Administrative or Professional 2,9260.001181,kwh,0,,
10/1/22,10/31/22,Virginia Beach Office - Administrative or Professional 2,8970.301646,kwh,0,,
11/1/22,11/30/22,Virginia Beach Office - Administrative or Professional 2,8721.492311,kwh,0,,
12/1/22,12/31/22,Virginia Beach Office - Administrative or Professional 2,8552.854699,kwh,0,,
1/1/23,1/31/23,Virginia Beach Office - Administrative or Professional 2,8151.372463,kwh,0,,
2/1/23,2/28/23,Virginia Beach Office - Administrative or Professional 2,8203.901382,kwh,0,,
3/1/23,3/31/23,Virginia Beach Office - Administrative or Professional 2,8360.034107,kwh,0,,
4/1/23,4/30/23,Virginia Beach Office - Administrative or Professional 2,8595.120715,kwh,0,,
5/1/23,5/31/23,Virginia Beach Office - Administrative or Professional 2,8872.046199,kwh,0,,
6/1/23,6/30/23,Virginia Beach Office - Administrative or Professional 2,9147.090114,kwh,0,,
7/1/23,7/31/23,Virginia Beach Office - Administrative or Professional 2,9376.829073,kwh,0,,
8/1/23,8/31/23,Virginia Beach Office - Administrative or Professional 2,952499.2347,kwh,0,,
9/1/23,9/30/23,Virginia Beach Office - Administrative or Professional 2,9568.188212,kwh,0,,
10/1/23,10/31/23,Virginia Beach Office - Administrative or Professional 2,9499.596991,kwh,0,,
11/1/23,11/30/23,Virginia Beach Office - Administrative or Professional 2,9330.04773,kwh,0,,
12/1/23,12/31/23,Virginia Beach Office - Administrative or Professional 2,9086.308529,kwh,0,,
1/1/22,1/31/22,Portland Office - Administrative or Professional 2,10163.18155,kwh,0,,
2/1/22,2/28/22,Portland Office - Administrative or Professional 2,10487.21354,kwh,0,,
3/1/22,3/31/22,Portland Office - Administrative or Professional 2,0,kwh,0,,
4/1/22,4/30/22,Portland Office - Administrative or Professional 2,10975.43897,kwh,0,,
5/1/22,5/31/22,Portland Office - Administrative or Professional 2,11062.55235,kwh,0,,
6/1/22,6/30/22,Portland Office - Administrative or Professional 2,11020.59299,kwh,0,,
7/1/22,7/31/22,Portland Office - Administrative or Professional 2,10856.18535,kwh,0,,
8/1/22,8/31/22,Portland Office - Administrative or Professional 2,10595.28578,kwh,0,,
9/1/22,9/30/22,Portland Office - Administrative or Professional 2,1027908.459,kwh,0,,
10/1/22,10/31/22,Portland Office - Administrative or Professional 2,9957.502985,kwh,0,,
11/1/22,11/30/22,Portland Office - Administrative or Professional 2,9681.311637,kwh,0,,
12/1/22,12/31/22,Portland Office - Administrative or Professional 2,9494.115087,kwh,0,,
1/1/23,1/31/23,Portland Office - Administrative or Professional 2,10179.50496,kwh,0,,
2/1/23,2/28/23,Portland Office - Administrative or Professional 2,10245.10353,kwh,0,,
3/1/23,3/31/23,Portland Office - Administrative or Professional 2,0,kwh,0,,
4/1/23,4/30/23,Portland Office - Administrative or Professional 2,10733.66164,kwh,0,,
5/1/23,5/31/23,Portland Office - Administrative or Professional 2,11079.4886,kwh,0,,
6/1/23,6/30/23,Portland Office - Administrative or Professional 2,11422.96584,kwh,0,,
7/1/23,7/31/23,Portland Office - Administrative or Professional 2,11709.86585,kwh,0,,
8/1/23,8/31/23,Portland Office - Administrative or Professional 2,11894.89344,kwh,0,,
9/1/23,9/30/23,Portland Office - Administrative or Professional 2,11948.83681,kwh,0,,
10/1/23,10/31/23,Portland Office - Administrative or Professional 2,11863.1795,kwh,0,,
11/1/23,11/30/23,Portland Office - Administrative or Professional 2,11651.4449,kwh,0,,
12/1/23,12/31/23,Portland Office - Administrative or Professional 2,11347.06126,kwh,0,,
1/1/22,1/31/22,Honolulu Office - Administrative or Professional 3,9174.286535,kwh,0,,
2/1/22,2/28/22,Honolulu Office - Administrative or Professional 3,9466.789656,kwh,0,,
3/1/22,3/31/22,Honolulu Office - Administrative or Professional 3,9724.774142,kwh,0,,
4/1/22,4/30/22,Honolulu Office - Administrative or Professional 3,9907.509915,kwh,0,,
5/1/22,5/31/22,Honolulu Office - Administrative or Professional 3,9986.147015,kwh,0,,
6/1/22,6/30/22,Honolulu Office - Administrative or Professional 3,9948.270373,kwh,0,,
7/1/22,7/31/22,Honolulu Office - Administrative or Professional 3,9799.859878,kwh,0,,
8/1/22,8/31/22,Honolulu Office - Administrative or Professional 3,9564.346283,kwh,0,,
9/1/22,9/30/22,Honolulu Office - Administrative or Professional 3,9278.912007,kwh,0,,
10/1/22,10/31/22,Honolulu Office - Administrative or Professional 3,0,kwh,0,,
11/1/22,11/30/22,Honolulu Office - Administrative or Professional 3,8739.303391,kwh,0,,
12/1/22,12/31/22,Honolulu Office - Administrative or Professional 3,857032.1387,kwh,0,,
1/1/23,1/31/23,Honolulu Office - Administrative or Professional 3,9189.021646,kwh,0,,
2/1/23,2/28/23,Honolulu Office - Administrative or Professional 3,9248.237364,kwh,0,,
3/1/23,3/31/23,Honolulu Office - Administrative or Professional 3,9424.245392,kwh,0,,
4/1/23,4/30/23,Honolulu Office - Administrative or Professional 3,9689.257933,kwh,0,,
5/1/23,5/31/23,Honolulu Office - Administrative or Professional 3,0,kwh,0,,
6/1/23,6/30/23,Honolulu Office - Administrative or Professional 3,10311.49165,kwh,0,,
7/1/23,7/31/23,Honolulu Office - Administrative or Professional 3,10570.4758,kwh,0,,
8/1/23,8/31/23,Honolulu Office - Administrative or Professional 3,10737.49988,kwh,0,,
9/1/23,9/30/23,Honolulu Office - Administrative or Professional 3,10786.19447,kwh,0,,
10/1/23,10/31/23,Honolulu Office - Administrative or Professional 3,10708.87176,kwh,0,,
11/1/23,11/30/23,Honolulu Office - Administrative or Professional 3,10517.73931,kwh,0,,
12/1/23,12/31/23,Honolulu Office - Administrative or Professional 3,10242.97272,kwh,0,,
1/1/22,1/31/22,Honolulu Office - Mixed use 2,21618.61706,kwh,0,,
2/1/22,2/28/22,Honolulu Office - Mixed use 2,22307.88187,kwh,0,,
3/1/22,3/31/22,Honolulu Office - Mixed use 2,22915.80575,kwh,0,,
4/1/22,4/30/22,Honolulu Office - Mixed use 2,23346.41086,kwh,0,,
5/1/22,5/31/22,Honolulu Office - Mixed use 2,23531.71414,kwh,0,,
6/1/22,6/30/22,Honolulu Office - Mixed use 2,23442.46026,kwh,0,,
7/1/22,7/31/22,Honolulu Office - Mixed use 2,23092.74046,kwh,0,,
8/1/22,8/31/22,Honolulu Office - Mixed use 2,2253776.78,kwh,0,,
9/1/22,9/30/22,Honolulu Office - Mixed use 2,21865.16026,kwh,0,,
10/1/22,10/31/22,Honolulu Office - Mixed use 2,21181.10778,kwh,0,,
11/1/22,11/30/22,Honolulu Office - Mixed use 2,20593.60721,kwh,0,,
12/1/22,12/31/22,Honolulu Office - Mixed use 2,20195.41197,kwh,0,,
1/1/23,1/31/23,Honolulu Office - Mixed use 2,21653.3394,kwh,0,,
2/1/23,2/28/23,Honolulu Office - Mixed use 2,21792.87743,kwh,0,,
3/1/23,3/31/23,Honolulu Office - Mixed use 2,22207.62905,kwh,0,,
4/1/23,4/30/23,Honolulu Office - Mixed use 2,22832.11408,kwh,0,,
5/1/23,5/31/23,Honolulu Office - Mixed use 2,23567.74008,kwh,0,,
6/1/23,6/30/23,Honolulu Office - Mixed use 2,24298.36787,kwh,0,,
7/1/23,7/31/23,Honolulu Office - Mixed use 2,0,kwh,0,,
8/1/23,8/31/23,Honolulu Office - Mixed use 2,25302.22892,kwh,0,,
9/1/23,9/30/23,Honolulu Office - Mixed use 2,25416.97459,kwh,0,,
10/1/23,10/31/23,Honolulu Office - Mixed use 2,25234.76859,kwh,0,,
11/1/23,11/30/23,Honolulu Office - Mixed use 2,24784.37724,kwh,0,,
12/1/23,12/31/23,Honolulu Office - Mixed use 2,24136.90742,kwh,0,,
1/1/22,1/31/22,Charlotte Office - Administrative or Professional 2,7124.82239,kwh,0,,
2/1/22,2/28/22,Charlotte Office - Administrative or Professional 2,7351.982592,kwh,0,,
3/1/22,3/31/22,Charlotte Office - Administrative or Professional 2,7552.335353,kwh,0,,
4/1/22,4/30/22,Charlotte Office - Administrative or Professional 2,7694.249378,kwh,0,,
5/1/22,5/31/22,Charlotte Office - Administrative or Professional 2,7755.319563,kwh,0,,
6/1/22,6/30/22,Charlotte Office - Administrative or Professional 2,7725.904267,kwh,0,,
7/1/22,7/31/22,Charlotte Office - Administrative or Professional 2,7610.647521,kwh,0,,
8/1/22,8/31/22,Charlotte Office - Administrative or Professional 2,7427.745828,kwh,0,,
9/1/22,9/30/22,Charlotte Office - Administrative or Professional 2,7206.075346,kwh,0,,
10/1/22,10/31/22,Charlotte Office - Administrative or Professional 2,6980.632969,kwh,0,,
11/1/22,11/30/22,Charlotte Office - Administrative or Professional 2,6787.011092,kwh,0,,
12/1/22,12/31/22,Charlotte Office - Administrative or Professional 2,6655.778351,kwh,0,,
1/1/23,1/31/23,Charlotte Office - Administrative or Professional 2,0,kwh,0,,
2/1/23,2/28/23,Charlotte Office - Administrative or Professional 2,6384.225048,kwh,0,,
3/1/23,3/31/23,Charlotte Office - Administrative or Professional 2,0,kwh,0,,
4/1/23,4/30/23,Charlotte Office - Administrative or Professional 2,6688.669501,kwh,0,,
5/1/23,5/31/23,Charlotte Office - Administrative or Professional 2,6904.171191,kwh,0,,
6/1/23,6/30/23,Charlotte Office - Administrative or Professional 2,7118.208655,kwh,0,,
7/1/23,7/31/23,Charlotte Office - Administrative or Professional 2,7296.990085,kwh,0,,
8/1/23,8/31/23,Charlotte Office - Administrative or Professional 2,7412.289824,kwh,0,,
9/1/23,9/30/23,Charlotte Office - Administrative or Professional 2,7445.904578,kwh,0,,
10/1/23,10/31/23,Charlotte Office - Administrative or Professional 2,7392.527316,kwh,0,,
11/1/23,11/30/23,Charlotte Office - Administrative or Professional 2,7260.585135,kwh,0,,
12/1/23,12/31/23,Charlotte Office - Administrative or Professional 2,7070.908804,kwh,0,,
1/1/22,1/31/22,Charlotte Office - Mixed use 1,21269.46809,kwh,0,,
2/1/22,2/28/22,Charlotte Office - Mixed use 1,0,kwh,0,,
3/1/22,3/31/22,Charlotte Office - Mixed use 1,22545.70669,kwh,0,,
4/1/22,4/30/22,Charlotte Office - Mixed use 1,22969.35736,kwh,0,,
5/1/22,5/31/22,Charlotte Office - Mixed use 1,23151.66792,kwh,0,,
6/1/22,6/30/22,Charlotte Office - Mixed use 1,23063.85553,kwh,0,,
7/1/22,7/31/22,Charlotte Office - Mixed use 1,22719.78384,kwh,0,,
8/1/22,8/31/22,Charlotte Office - Mixed use 1,0,kwh,0,,
9/1/22,9/30/22,Charlotte Office - Mixed use 1,21512.02953,kwh,0,,
10/1/22,10/31/22,Charlotte Office - Mixed use 1,20839.02476,kwh,0,,
11/1/22,11/30/22,Charlotte Office - Mixed use 1,0,kwh,0,,
12/1/22,12/31/22,Charlotte Office - Mixed use 1,19869.24831,kwh,0,,
1/1/23,1/31/23,Charlotte Office - Mixed use 1,18936.55969,kwh,0,,
2/1/23,2/28/23,Charlotte Office - Mixed use 1,0,kwh,0,,
3/1/23,3/31/23,Charlotte Office - Mixed use 1,19421.30428,kwh,0,,
4/1/23,4/30/23,Charlotte Office - Mixed use 1,19967.43705,kwh,0,,
5/1/23,5/31/23,Charlotte Office - Mixed use 1,20610.76625,kwh,0,,
6/1/23,6/30/23,Charlotte Office - Mixed use 1,21249.72436,kwh,0,,
7/1/23,7/31/23,Charlotte Office - Mixed use 1,0,kwh,0,,
8/1/23,8/31/23,Charlotte Office - Mixed use 1,22127.63396,kwh,0,,
9/1/23,9/30/23,Charlotte Office - Mixed use 1,22227.98284,kwh,0,,
10/1/23,10/31/23,Charlotte Office - Mixed use 1,22068.63768,kwh,0,,
11/1/23,11/30/23,Charlotte Office - Mixed use 1,21674.75558,kwh,0,,
12/1/23,12/31/23,Charlotte Office - Mixed use 1,21108.52186,kwh,0,,
1/1/22,1/31/22,Anchorage Office - Administrative or Professional 1,8435.731539,kwh,0,,
2/1/22,2/28/22,Anchorage Office - Administrative or Professional 1,8704.687364,kwh,0,,
3/1/22,3/31/22,Anchorage Office - Administrative or Professional 1,894190.3397,kwh,0,,
4/1/22,4/30/22,Anchorage Office - Administrative or Professional 1,9109.928444,kwh,0,,
5/1/22,5/31/22,Anchorage Office - Administrative or Professional 1,9182.235044,kwh,0,,
6/1/22,6/30/22,Anchorage Office - Administrative or Professional 1,9147.407575,kwh,0,,
7/1/22,7/31/22,Anchorage Office - Administrative or Professional 1,9010.944528,kwh,0,,
8/1/22,8/31/22,Anchorage Office - Administrative or Professional 1,8794.390417,kwh,0,,
9/1/22,9/30/22,Anchorage Office - Administrative or Professional 1,8531.934376,kwh,0,,
10/1/22,10/31/22,Anchorage Office - Administrative or Professional 1,8265.012442,kwh,0,,
11/1/22,11/30/22,Anchorage Office - Administrative or Professional 1,8035.76572,kwh,0,,
12/1/22,12/31/22,Anchorage Office - Administrative or Professional 1,7880.387226,kwh,0,,
1/1/23,1/31/23,Anchorage Office - Administrative or Professional 1,8449.280433,kwh,0,,
2/1/23,2/28/23,Anchorage Office - Administrative or Professional 1,8503.729125,kwh,0,,
3/1/23,3/31/23,Anchorage Office - Administrative or Professional 1,8665.568029,kwh,0,,
4/1/23,4/30/23,Anchorage Office - Administrative or Professional 1,8909.24634,kwh,0,,
5/1/23,5/31/23,Anchorage Office - Administrative or Professional 1,9196.292611,kwh,0,,
6/1/23,6/30/23,Anchorage Office - Administrative or Professional 1,9481.388548,kwh,0,,
7/1/23,7/31/23,Anchorage Office - Administrative or Professional 1,9719.523771,kwh,0,,
8/1/23,8/31/23,Anchorage Office - Administrative or Professional 1,9873.101964,kwh,0,,
9/1/23,9/30/23,Anchorage Office - Administrative or Professional 1,9917.876507,kwh,0,,
10/1/23,10/31/23,Anchorage Office - Administrative or Professional 1,9846.778485,kwh,0,,
11/1/23,11/30/23,Anchorage Office - Administrative or Professional 1,9671.032711,kwh,0,,
12/1/23,12/31/23,Anchorage Office - Administrative or Professional 1,9418.385581,kwh,0,,
1/1/22,1/31/22,San Antonio Office - Administrative or Professional 3,9967.895561,kwh,0,,
2/1/22,2/28/22,San Antonio Office - Administrative or Professional 3,10285.70126,kwh,0,,
3/1/22,3/31/22,San Antonio Office - Administrative or Professional 3,10566.00234,kwh,0,,
4/1/22,4/30/22,San Antonio Office - Administrative or Professional 3,10764.54542,kwh,0,,
5/1/22,5/31/22,San Antonio Office - Administrative or Professional 3,10849.98491,kwh,0,,
6/1/22,6/30/22,San Antonio Office - Administrative or Professional 3,10808.8318,kwh,0,,
7/1/22,7/31/22,San Antonio Office - Administrative or Professional 3,10647.58326,kwh,0,,
8/1/22,8/31/22,San Antonio Office - Administrative or Professional 3,10391.69689,kwh,0,,
9/1/22,9/30/22,San Antonio Office - Administrative or Professional 3,10081.57152,kwh,0,,
10/1/22,10/31/22,San Antonio Office - Administrative or Professional 3,9766.169117,kwh,0,,
11/1/22,11/30/22,San Antonio Office - Administrative or Professional 3,9495.284799,kwh,0,,
12/1/22,12/31/22,San Antonio Office - Administrative or Professional 3,9311.685239,kwh,0,,
1/1/23,1/31/23,San Antonio Office - Administrative or Professional 3,0,kwh,0,,
2/1/23,2/28/23,San Antonio Office - Administrative or Professional 3,8931.771915,kwh,0,,
3/1/23,3/31/23,San Antonio Office - Administrative or Professional 3,9101.757124,kwh,0,,
4/1/23,4/30/23,San Antonio Office - Administrative or Professional 3,9357.7012,kwh,0,,
5/1/23,5/31/23,San Antonio Office - Administrative or Professional 3,9659.196202,kwh,0,,
6/1/23,6/30/23,San Antonio Office - Administrative or Professional 3,9958.642697,kwh,0,,
7/1/23,7/31/23,San Antonio Office - Administrative or Professional 3,10208.76467,kwh,0,,
8/1/23,8/31/23,San Antonio Office - Administrative or Professional 3,1037007.336,kwh,0,,
9/1/23,9/30/23,San Antonio Office - Administrative or Professional 3,10417.10167,kwh,0,,
10/1/23,10/31/23,San Antonio Office - Administrative or Professional 3,10342.42486,kwh,0,,
11/1/23,11/30/23,San Antonio Office - Administrative or Professional 3,10157.83277,kwh,0,,
12/1/23,12/31/23,San Antonio Office - Administrative or Professional 3,9892.468419,kwh,0,,
1/1/22,1/31/22,Columbus Office - Administrative or Professional 1,7354.387304,kwh,0,,
2/1/22,2/28/22,Columbus Office - Administrative or Professional 1,7588.866708,kwh,0,,
3/1/22,3/31/22,Columbus Office - Administrative or Professional 1,7795.674923,kwh,0,,
4/1/22,4/30/22,Columbus Office - Administrative or Professional 1,7942.161481,kwh,0,,
5/1/22,5/31/22,Columbus Office - Administrative or Professional 1,8005.199374,kwh,0,,
6/1/22,6/30/22,Columbus Office - Administrative or Professional 1,7974.836305,kwh,0,,
7/1/22,7/31/22,Columbus Office - Administrative or Professional 1,7855.865935,kwh,0,,
8/1/22,8/31/22,Columbus Office - Administrative or Professional 1,7667.071069,kwh,0,,
9/1/22,9/30/22,Columbus Office - Administrative or Professional 1,7438.258267,kwh,0,,
10/1/22,10/31/22,Columbus Office - Administrative or Professional 1,7205.552037,kwh,0,,
11/1/22,11/30/22,Columbus Office - Administrative or Professional 1,7005.691577,kwh,0,,
12/1/22,12/31/22,Columbus Office - Administrative or Professional 1,6870.23046,kwh,0,,
1/1/23,1/31/23,Columbus Office - Administrative or Professional 1,7366.199417,kwh,0,,
2/1/23,2/28/23,Columbus Office - Administrative or Professional 1,7413.668539,kwh,0,,
3/1/23,3/31/23,Columbus Office - Administrative or Professional 1,7554.761931,kwh,0,,
4/1/23,4/30/23,Columbus Office - Administrative or Professional 1,0,kwh,0,,
5/1/23,5/31/23,Columbus Office - Administrative or Professional 1,8017.454955,kwh,0,,
6/1/23,6/30/23,Columbus Office - Administrative or Professional 1,8266.005532,kwh,0,,
7/1/23,7/31/23,Columbus Office - Administrative or Professional 1,8473.615109,kwh,0,,
8/1/23,8/31/23,Columbus Office - Administrative or Professional 1,8607.506699,kwh,0,,
9/1/23,9/30/23,Columbus Office - Administrative or Professional 1,8646.541764,kwh,0,,
10/1/23,10/31/23,Columbus Office - Administrative or Professional 1,8584.557526,kwh,0,,
11/1/23,11/30/23,Columbus Office - Administrative or Professional 1,8431.339933,kwh,0,,
12/1/23,12/31/23,Columbus Office - Administrative or Professional 1,0,kwh,0,,
1/1/22,1/31/22,Tucson Office - Administrative or Professional 1,6071.524547,kwh,0,,
2/1/22,2/28/22,Tucson Office - Administrative or Professional 1,6265.102529,kwh,0,,
3/1/22,3/31/22,Tucson Office - Administrative or Professional 1,6435.836148,kwh,0,,
4/1/22,4/30/22,Tucson Office - Administrative or Professional 1,6556.770319,kwh,0,,
5/1/22,5/31/22,Tucson Office - Administrative or Professional 1,660881.2195,kwh,0,,
6/1/22,6/30/22,Tucson Office - Administrative or Professional 1,6583.745508,kwh,0,,
7/1/22,7/31/22,Tucson Office - Administrative or Professional 1,6485.527738,kwh,0,,
8/1/22,8/31/22,Tucson Office - Administrative or Professional 1,6329.665311,kwh,0,,
9/1/22,9/30/22,Tucson Office - Administrative or Professional 1,6140.765476,kwh,0,,
10/1/22,10/31/22,Tucson Office - Administrative or Professional 1,5948.651364,kwh,0,,
11/1/22,11/30/22,Tucson Office - Administrative or Professional 1,5783.653569,kwh,0,,
12/1/22,12/31/22,Tucson Office - Administrative or Professional 1,0,kwh,0,,
1/1/23,1/31/23,Tucson Office - Administrative or Professional 1,6081.276214,kwh,0,,
2/1/23,2/28/23,Tucson Office - Administrative or Professional 1,6120.465058,kwh,0,,
3/1/23,3/31/23,Tucson Office - Administrative or Professional 1,6236.94682,kwh,0,,
4/1/23,4/30/23,Tucson Office - Administrative or Professional 1,6412.331592,kwh,0,,
5/1/23,5/31/23,Tucson Office - Administrative or Professional 1,6618.929973,kwh,0,,
6/1/23,6/30/23,Tucson Office - Administrative or Professional 1,6824.124623,kwh,0,,
7/1/23,7/31/23,Tucson Office - Administrative or Professional 1,6995.519818,kwh,0,,
8/1/23,8/31/23,Tucson Office - Administrative or Professional 1,7106.056025,kwh,0,,
9/1/23,9/30/23,Tucson Office - Administrative or Professional 1,7138.282007,kwh,0,,
10/1/23,10/31/23,Tucson Office - Administrative or Professional 1,7087.109992,kwh,0,,
11/1/23,11/30/23,Tucson Office - Administrative or Professional 1,0,kwh,0,,
12/1/23,12/31/23,Tucson Office - Administrative or Professional 1,6778.778933,kwh,0,,
1/1/22,1/31/22,Tucson Office - Administrative or Professional 2,6578.437118,kwh,0,,
2/1/22,2/28/22,Tucson Office - Administrative or Professional 2,6788.176958,kwh,0,,
3/1/22,3/31/22,Tucson Office - Administrative or Professional 2,6973.165154,kwh,0,,
4/1/22,4/30/22,Tucson Office - Administrative or Professional 2,7104.196138,kwh,0,,
5/1/22,5/31/22,Tucson Office - Administrative or Professional 2,7160.582999,kwh,0,,
6/1/22,6/30/22,Tucson Office - Administrative or Professional 2,7133.423491,kwh,0,,
7/1/22,7/31/22,Tucson Office - Administrative or Professional 2,702700.5503,kwh,0,,
8/1/22,8/31/22,Tucson Office - Administrative or Professional 2,6858.130096,kwh,0,,
9/1/22,9/30/22,Tucson Office - Administrative or Professional 2,6653.458983,kwh,0,,
10/1/22,10/31/22,Tucson Office - Administrative or Professional 2,6445.305233,kwh,0,,
11/1/22,11/30/22,Tucson Office - Administrative or Professional 2,626653.1746,kwh,0,,
12/1/22,12/31/22,Tucson Office - Administrative or Professional 2,6145.362924,kwh,0,,
1/1/23,1/31/23,Tucson Office - Administrative or Professional 2,6589.002953,kwh,0,,
2/1/23,2/28/23,Tucson Office - Administrative or Professional 2,6631.463681,kwh,0,,
3/1/23,3/31/23,Tucson Office - Administrative or Professional 2,6757.670524,kwh,0,,
4/1/23,4/30/23,Tucson Office - Administrative or Professional 2,6947.698199,kwh,0,,
5/1/23,5/31/23,Tucson Office - Administrative or Professional 2,7171.545513,kwh,0,,
6/1/23,6/30/23,Tucson Office - Administrative or Professional 2,7393.871897,kwh,0,,
7/1/23,7/31/23,Tucson Office - Administrative or Professional 2,7579.576904,kwh,0,,
8/1/23,8/31/23,Tucson Office - Administrative or Professional 2,7699.341797,kwh,0,,
9/1/23,9/30/23,Tucson Office - Administrative or Professional 2,7734.258332,kwh,0,,
10/1/23,10/31/23,Tucson Office - Administrative or Professional 2,7678.813957,kwh,0,,
11/1/23,11/30/23,Tucson Office - Administrative or Professional 2,7541.762118,kwh,0,,
12/1/23,12/31/23,Tucson Office - Administrative or Professional 2,7344.740288,kwh,0,,
1/1/22,1/31/22,Indianapolis Office - Mixed use 1,23684.89208,kwh,0,,
2/1/22,2/28/22,Indianapolis Office - Mixed use 1,24440.0358,kwh,0,,
3/1/22,3/31/22,Indianapolis Office - Mixed use 1,25106.06412,kwh,0,,
4/1/22,4/30/22,Indianapolis Office - Mixed use 1,25577.82583,kwh,0,,
5/1/22,5/31/22,Indianapolis Office - Mixed use 1,25780.84011,kwh,0,,
6/1/22,6/30/22,Indianapolis Office - Mixed use 1,25683.05549,kwh,0,,
7/1/22,7/31/22,Indianapolis Office - Mixed use 1,25299.90999,kwh,0,,
8/1/22,8/31/22,Indianapolis Office - Mixed use 1,24691.89387,kwh,0,,
9/1/22,9/30/22,Indianapolis Office - Mixed use 1,23954.99951,kwh,0,,
10/1/22,10/31/22,Indianapolis Office - Mixed use 1,23205.56632,kwh,0,,
11/1/22,11/30/22,Indianapolis Office - Mixed use 1,22561.91333,kwh,0,,
12/1/22,12/31/22,Indianapolis Office - Mixed use 1,22125.65918,kwh,0,,
1/1/23,1/31/23,Indianapolis Office - Mixed use 1,23722.93313,kwh,0,,
2/1/23,2/28/23,Indianapolis Office - Mixed use 1,0,kwh,0,,
3/1/23,3/31/23,Indianapolis Office - Mixed use 1,24330.20096,kwh,0,,
4/1/23,4/30/23,Indianapolis Office - Mixed use 1,25014.37333,kwh,0,,
5/1/23,5/31/23,Indianapolis Office - Mixed use 1,2582030.936,kwh,0,,
6/1/23,6/30/23,Indianapolis Office - Mixed use 1,26620.76946,kwh,0,,
7/1/23,7/31/23,Indianapolis Office - Mixed use 1,27289.37858,kwh,0,,
8/1/23,8/31/23,Indianapolis Office - Mixed use 1,27720.57804,kwh,0,,
9/1/23,9/30/23,Indianapolis Office - Mixed use 1,27846.29094,kwh,0,,
10/1/23,10/31/23,Indianapolis Office - Mixed use 1,27646.66996,kwh,0,,
11/1/23,11/30/23,Indianapolis Office - Mixed use 1,27153.23087,kwh,0,,
12/1/23,12/31/23,Indianapolis Office - Mixed use 1,26443.87686,kwh,0,,
1/1/22,1/31/22,Indianapolis Office - Administrative or Professional 2,8537.529555,kwh,0,,
2/1/22,2/28/22,Indianapolis Office - Administrative or Professional 2,8809.730999,kwh,0,,
3/1/22,3/31/22,Indianapolis Office - Administrative or Professional 2,9049.809632,kwh,0,,
4/1/22,4/30/22,Indianapolis Office - Administrative or Professional 2,9219.862318,kwh,0,,
5/1/22,5/31/22,Indianapolis Office - Administrative or Professional 2,9293.041476,kwh,0,,
6/1/22,6/30/22,Indianapolis Office - Administrative or Professional 2,9257.793727,kwh,0,,
7/1/22,7/31/22,Indianapolis Office - Administrative or Professional 2,9119.683915,kwh,0,,
8/1/22,8/31/22,Indianapolis Office - Administrative or Professional 2,8900.516542,kwh,0,,
9/1/22,9/30/22,Indianapolis Office - Administrative or Professional 2,8634.893318,kwh,0,,
10/1/22,10/31/22,Indianapolis Office - Administrative or Professional 2,8364.75031,kwh,0,,
11/1/22,11/30/22,Indianapolis Office - Administrative or Professional 2,8132.737157,kwh,0,,
12/1/22,12/31/22,Indianapolis Office - Administrative or Professional 2,7975.483637,kwh,0,,
1/1/23,1/31/23,Indianapolis Office - Administrative or Professional 2,7601.103956,kwh,0,,
2/1/23,2/28/23,Indianapolis Office - Administrative or Professional 2,7650.086845,kwh,0,,
3/1/23,3/31/23,Indianapolis Office - Administrative or Professional 2,7795.679638,kwh,0,,
4/1/23,4/30/23,Indianapolis Office - Administrative or Professional 2,801489.6432,kwh,0,,
5/1/23,5/31/23,Indianapolis Office - Administrative or Professional 2,8273.127718,kwh,0,,
6/1/23,6/30/23,Indianapolis Office - Administrative or Professional 2,8529.604452,kwh,0,,
7/1/23,7/31/23,Indianapolis Office - Administrative or Professional 2,8743.834599,kwh,0,,
8/1/23,8/31/23,Indianapolis Office - Administrative or Professional 2,8881.995927,kwh,0,,
9/1/23,9/30/23,Indianapolis Office - Administrative or Professional 2,0,kwh,0,,
10/1/23,10/31/23,Indianapolis Office - Administrative or Professional 2,8858.314916,kwh,0,,
11/1/23,11/30/23,Indianapolis Office - Administrative or Professional 2,8700.211288,kwh,0,,
12/1/23,12/31/23,Indianapolis Office - Administrative or Professional 2,8472.926004,kwh,0,,
1/1/22,1/31/22,Kansas City (MO) Office - Mixed use 1,23314.75602,kwh,0,,
2/1/22,2/28/22,Kansas City (MO) Office - Mixed use 1,24058.09871,kwh,0,,
3/1/22,3/31/22,Kansas City (MO) Office - Mixed use 1,24713.71867,kwh,0,,
4/1/22,4/30/22,Kansas City (MO) Office - Mixed use 1,25178.10791,kwh,0,,
5/1/22,5/31/22,Kansas City (MO) Office - Mixed use 1,25377.94959,kwh,0,,
6/1/22,6/30/22,Kansas City (MO) Office - Mixed use 1,25281.69309,kwh,0,,
7/1/22,7/31/22,Kansas City (MO) Office - Mixed use 1,24904.53521,kwh,0,,
8/1/22,8/31/22,Kansas City (MO) Office - Mixed use 1,24306.02088,kwh,0,,
9/1/22,9/30/22,Kansas City (MO) Office - Mixed use 1,23580.64234,kwh,0,,
10/1/22,10/31/22,Kansas City (MO) Office - Mixed use 1,0,kwh,0,,
11/1/22,11/30/22,Kansas City (MO) Office - Mixed use 1,22209.32664,kwh,0,,
12/1/22,12/31/22,Kansas City (MO) Office - Mixed use 1,2177989.006,kwh,0,,
1/1/23,1/31/23,Kansas City (MO) Office - Mixed use 1,23352.20258,kwh,0,,
2/1/23,2/28/23,Kansas City (MO) Office - Mixed use 1,23502.6884,kwh,0,,
3/1/23,3/31/23,Kansas City (MO) Office - Mixed use 1,23949.98032,kwh,0,,
4/1/23,4/30/23,Kansas City (MO) Office - Mixed use 1,24623.46078,kwh,0,,
5/1/23,5/31/23,Kansas City (MO) Office - Mixed use 1,25416.80203,kwh,0,,
6/1/23,6/30/23,Kansas City (MO) Office - Mixed use 1,26204.75292,kwh,0,,
7/1/23,7/31/23,Kansas City (MO) Office - Mixed use 1,26862.91334,kwh,0,,
8/1/23,8/31/23,Kansas City (MO) Office - Mixed use 1,27287.37423,kwh,0,,
9/1/23,9/30/23,Kansas City (MO) Office - Mixed use 1,27411.12254,kwh,0,,
10/1/23,10/31/23,Kansas City (MO) Office - Mixed use 1,27214.62114,kwh,0,,
11/1/23,11/30/23,Kansas City (MO) Office - Mixed use 1,26728.89329,kwh,0,,
12/1/23,12/31/23,Kansas City (MO) Office - Mixed use 1,26030.62471,kwh,0,,
1/1/22,1/31/22,Minneapolis Office - Mixed use 1,15536.17498,kwh,0,,
2/1/22,2/28/22,Minneapolis Office - Mixed use 1,16031.51373,kwh,0,,
3/1/22,3/31/22,Minneapolis Office - Mixed use 1,16468.39698,kwh,0,,
4/1/22,4/30/22,Minneapolis Office - Mixed use 1,16777.85047,kwh,0,,
5/1/22,5/31/22,Minneapolis Office - Mixed use 1,16911.01829,kwh,0,,
6/1/22,6/30/22,Minneapolis Office - Mixed use 1,16846.87617,kwh,0,,
7/1/22,7/31/22,Minneapolis Office - Mixed use 1,16595.55075,kwh,0,,
8/1/22,8/31/22,Minneapolis Office - Mixed use 1,16196.72078,kwh,0,,
9/1/22,9/30/22,Minneapolis Office - Mixed use 1,15713.35275,kwh,0,,
10/1/22,10/31/22,Minneapolis Office - Mixed use 1,15221.75983,kwh,0,,
11/1/22,11/30/22,Minneapolis Office - Mixed use 1,14799.55375,kwh,0,,
12/1/22,12/31/22,Minneapolis Office - Mixed use 1,14513.39155,kwh,0,,
1/1/23,1/31/23,Minneapolis Office - Mixed use 1,15561.12812,kwh,0,,
2/1/23,2/28/23,Minneapolis Office - Mixed use 1,15661.40684,kwh,0,,
3/1/23,3/31/23,Minneapolis Office - Mixed use 1,15959.46725,kwh,0,,
4/1/23,4/30/23,Minneapolis Office - Mixed use 1,0,kwh,0,,
5/1/23,5/31/23,Minneapolis Office - Mixed use 1,16936.90826,kwh,0,,
6/1/23,6/30/23,Minneapolis Office - Mixed use 1,17461.97243,kwh,0,,
7/1/23,7/31/23,Minneapolis Office - Mixed use 1,17900.54855,kwh,0,,
8/1/23,8/31/23,Minneapolis Office - Mixed use 1,0,kwh,0,,
9/1/23,9/30/23,Minneapolis Office - Mixed use 1,18265.85686,kwh,0,,
10/1/23,10/31/23,Minneapolis Office - Mixed use 1,1813491.489,kwh,0,,
11/1/23,11/30/23,Minneapolis Office - Mixed use 1,17811.24206,kwh,0,,
12/1/23,12/31/23,Minneapolis Office - Mixed use 1,17345.9392,kwh,0,,
1/1/22,1/31/22,Milwaukee Office - Administrative or Professional 1,9796.500941,kwh,0,,
2/1/22,2/28/22,Milwaukee Office - Administrative or Professional 1,1010884.208,kwh,0,,
3/1/22,3/31/22,Milwaukee Office - Administrative or Professional 1,10384.32348,kwh,0,,
4/1/22,4/30/22,Milwaukee Office - Administrative or Professional 1,10579.45267,kwh,0,,
5/1/22,5/31/22,Milwaukee Office - Administrative or Professional 1,0,kwh,0,,
6/1/22,6/30/22,Milwaukee Office - Administrative or Professional 1,10622.97757,kwh,0,,
7/1/22,7/31/22,Milwaukee Office - Administrative or Professional 1,10464.50164,kwh,0,,
8/1/22,8/31/22,Milwaukee Office - Administrative or Professional 1,10213.01515,kwh,0,,
9/1/22,9/30/22,Milwaukee Office - Administrative or Professional 1,9908.222276,kwh,0,,
10/1/22,10/31/22,Milwaukee Office - Administrative or Professional 1,9598.243116,kwh,0,,
11/1/22,11/30/22,Milwaukee Office - Administrative or Professional 1,9332.016563,kwh,0,,
12/1/22,12/31/22,Milwaukee Office - Administrative or Professional 1,9151.573936,kwh,0,,
1/1/23,1/31/23,Milwaukee Office - Administrative or Professional 1,8721.987031,kwh,0,,
2/1/23,2/28/23,Milwaukee Office - Administrative or Professional 1,8778.193094,kwh,0,,
3/1/23,3/31/23,Milwaukee Office - Administrative or Professional 1,8945.255464,kwh,0,,
4/1/23,4/30/23,Milwaukee Office - Administrative or Professional 1,9196.798668,kwh,0,,
5/1/23,5/31/23,Milwaukee Office - Administrative or Professional 1,0,kwh,0,,
6/1/23,6/30/23,Milwaukee Office - Administrative or Professional 1,9787.407177,kwh,0,,
7/1/23,7/31/23,Milwaukee Office - Administrative or Professional 1,10033.22839,kwh,0,,
8/1/23,8/31/23,Milwaukee Office - Administrative or Professional 1,10191.76342,kwh,0,,
9/1/23,9/30/23,Milwaukee Office - Administrative or Professional 1,10237.9831,kwh,0,,
10/1/23,10/31/23,Milwaukee Office - Administrative or Professional 1,10164.59034,kwh,0,,
11/1/23,11/30/23,Milwaukee Office - Administrative or Professional 1,9983.172242,kwh,0,,
12/1/23,12/31/23,Milwaukee Office - Administrative or Professional 1,9722.370744,kwh,0,,
1/1/22,1/31/22,San Diego Office - Mixed use 2,20386.10213,kwh,0,,
2/1/22,2/28/22,San Diego Office - Mixed use 2,21036.07076,kwh,0,,
3/1/22,3/31/22,San Diego Office - Mixed use 2,21609.33584,kwh,0,,
4/1/22,4/30/22,San Diego Office - Mixed use 2,22015.39141,kwh,0,,
5/1/22,5/31/22,San Diego Office - Mixed use 2,22190.13022,kwh,0,,
6/1/22,6/30/22,San Diego Office - Mixed use 2,22105.96487,kwh,0,,
7/1/22,7/31/22,San Diego Office - Mixed use 2,2177618.32,kwh,0,,
8/1/22,8/31/22,San Diego Office - Mixed use 2,21252.8505,kwh,0,,
9/1/22,9/30/22,San Diego Office - Mixed use 2,20618.58948,kwh,0,,
10/1/22,10/31/22,San Diego Office - Mixed use 2,19973.53602,kwh,0,,
11/1/22,11/30/22,San Diego Office - Mixed use 2,19419.52988,kwh,0,,
12/1/22,12/31/22,San Diego Office - Mixed use 2,0,kwh,0,,
1/1/23,1/31/23,San Diego Office - Mixed use 2,20418.84489,kwh,0,,
2/1/23,2/28/23,San Diego Office - Mixed use 2,20550.42762,kwh,0,,
3/1/23,3/31/23,San Diego Office - Mixed use 2,20941.53353,kwh,0,,
4/1/23,4/30/23,San Diego Office - Mixed use 2,21530.41558,kwh,0,,
5/1/23,5/31/23,San Diego Office - Mixed use 2,22224.10226,kwh,0,,
6/1/23,6/30/23,San Diego Office - Mixed use 2,22913.07569,kwh,0,,
7/1/23,7/31/23,San Diego Office - Mixed use 2,23488.56212,kwh,0,,
8/1/23,8/31/23,San Diego Office - Mixed use 2,23859.70488,kwh,0,,
9/1/23,9/30/23,San Diego Office - Mixed use 2,23967.9087,kwh,0,,
10/1/23,10/31/23,San Diego Office - Mixed use 2,23796.09058,kwh,0,,
11/1/23,11/30/23,San Diego Office - Mixed use 2,23371.37682,kwh,0,,
12/1/23,12/31/23,San Diego Office - Mixed use 2,22760.82038,kwh,0,,
1/1/22,1/31/22,Marseille Office - Mixed use 1,949.3579155,kwh,0,,
2/1/22,2/28/22,Marseille Office - Mixed use 1,979.626226,kwh,0,,
3/1/22,3/31/22,Marseille Office - Mixed use 1,1006.322538,kwh,0,,
4/1/22,4/30/22,Marseille Office - Mixed use 1,1025.23209,kwh,0,,
5/1/22,5/31/22,Marseille Office - Mixed use 1,1033.369481,kwh,0,,
6/1/22,6/30/22,Marseille Office - Mixed use 1,1029.449995,kwh,0,,
7/1/22,7/31/22,Marseille Office - Mixed use 1,0,kwh,0,,
8/1/22,8/31/22,Marseille Office - Mixed use 1,989.7214149,kwh,0,,
9/1/22,9/30/22,Marseille Office - Mixed use 1,960.1845907,kwh,0,,
10/1/22,10/31/22,Marseille Office - Mixed use 1,930.1451745,kwh,0,,
11/1/22,11/30/22,Marseille Office - Mixed use 1,904.3457297,kwh,0,,
12/1/22,12/31/22,Marseille Office - Mixed use 1,886.8594213,kwh,0,,
1/1/23,1/31/23,Marseille Office - Mixed use 1,845.2290748,kwh,0,,
2/1/23,2/28/23,Marseille Office - Mixed use 1,0,kwh,0,,
3/1/23,3/31/23,Marseille Office - Mixed use 1,866.8655403,kwh,0,,
4/1/23,4/30/23,Marseille Office - Mixed use 1,891.2420532,kwh,0,,
5/1/23,5/31/23,Marseille Office - Mixed use 1,919.9569072,kwh,0,,
6/1/23,6/30/23,Marseille Office - Mixed use 1,948.4766583,kwh,0,,
7/1/23,7/31/23,Marseille Office - Mixed use 1,972.2986649,kwh,0,,
8/1/23,8/31/23,Marseille Office - Mixed use 1,0,kwh,0,,
9/1/23,9/30/23,Marseille Office - Mixed use 1,992.1410054,kwh,0,,
10/1/23,10/31/23,Marseille Office - Mixed use 1,985.0286701,kwh,0,,
11/1/23,11/30/23,Marseille Office - Mixed use 1,96744.78313,kwh,0,,
12/1/23,12/31/23,Marseille Office - Mixed use 1,942.1741169,kwh,0,,
1/1/22,1/31/22,Bordeaux Office - Mixed use 1,948.2944078,kwh,0,,
2/1/22,2/28/22,Bordeaux Office - Mixed use 1,0,kwh,0,,
3/1/22,3/31/22,Bordeaux Office - Mixed use 1,1005.195216,kwh,0,,
4/1/22,4/30/22,Bordeaux Office - Mixed use 1,1024.083585,kwh,0,,
5/1/22,5/31/22,Bordeaux Office - Mixed use 1,1032.21186,kwh,0,,
6/1/22,6/30/22,Bordeaux Office - Mixed use 1,1028.296765,kwh,0,,
7/1/22,7/31/22,Bordeaux Office - Mixed use 1,1012.956406,kwh,0,,
8/1/22,8/31/22,Bordeaux Office - Mixed use 1,988.6126904,kwh,0,,
9/1/22,9/30/22,Bordeaux Office - Mixed use 1,959.1089545,kwh,0,,
10/1/22,10/31/22,Bordeaux Office - Mixed use 1,929.1031896,kwh,0,,
11/1/22,11/30/22,Bordeaux Office - Mixed use 1,90333.26463,kwh,0,,
12/1/22,12/31/22,Bordeaux Office - Mixed use 1,885.8659268,kwh,0,,
1/1/23,1/31/23,Bordeaux Office - Mixed use 1,949.8174933,kwh,0,,
2/1/23,2/28/23,Bordeaux Office - Mixed use 1,95593.82891,kwh,0,,
3/1/23,3/31/23,Bordeaux Office - Mixed use 1,974.1312492,kwh,0,,
4/1/23,4/30/23,Bordeaux Office - Mixed use 1,1001.524105,kwh,0,,
5/1/23,5/31/23,Bordeaux Office - Mixed use 1,1033.792128,kwh,0,,
6/1/23,6/30/23,Bordeaux Office - Mixed use 1,1065.840905,kwh,0,,
7/1/23,7/31/23,Bordeaux Office - Mixed use 1,1092.61064,kwh,0,,
8/1/23,8/31/23,Bordeaux Office - Mixed use 1,1109.874981,kwh,0,,
9/1/23,9/30/23,Bordeaux Office - Mixed use 1,1114.908267,kwh,0,,
10/1/23,10/31/23,Bordeaux Office - Mixed use 1,0,kwh,0,,
11/1/23,11/30/23,Bordeaux Office - Mixed use 1,1087.159566,kwh,0,,
12/1/23,12/31/23,Bordeaux Office - Mixed use 1,1058.758489,kwh,0,,
1/1/22,1/31/22,Hamburg Office - Administrative or Professional 1,541.4810305,kwh,0,,
2/1/22,2/28/22,Hamburg Office - Administrative or Professional 1,558.7450314,kwh,0,,
3/1/22,3/31/22,Hamburg Office - Administrative or Professional 1,573.9716874,kwh,0,,
4/1/22,4/30/22,Hamburg Office - Administrative or Professional 1,58475.70444,kwh,0,,
5/1/22,5/31/22,Hamburg Office - Administrative or Professional 1,589.3983315,kwh,0,,
6/1/22,6/30/22,Hamburg Office - Administrative or Professional 1,587.1627916,kwh,0,,
7/1/22,7/31/22,Hamburg Office - Administrative or Professional 1,578.4033674,kwh,0,,
8/1/22,8/31/22,Hamburg Office - Administrative or Professional 1,564.5029792,kwh,0,,
9/1/22,9/30/22,Hamburg Office - Administrative or Professional 1,547.6561928,kwh,0,,
10/1/22,10/31/22,Hamburg Office - Administrative or Professional 1,530.5227453,kwh,0,,
11/1/22,11/30/22,Hamburg Office - Administrative or Professional 1,515.8076312,kwh,0,,
12/1/22,12/31/22,Hamburg Office - Administrative or Professional 1,505.8340437,kwh,0,,
1/1/23,1/31/23,Hamburg Office - Administrative or Professional 1,542.3507202,kwh,0,,
2/1/23,2/28/23,Hamburg Office - Administrative or Professional 1,545.8457264,kwh,0,,
3/1/23,3/31/23,Hamburg Office - Administrative or Professional 1,556.2340011,kwh,0,,
4/1/23,4/30/23,Hamburg Office - Administrative or Professional 1,571.8754641,kwh,0,,
5/1/23,5/31/23,Hamburg Office - Administrative or Professional 1,590.3006724,kwh,0,,
6/1/23,6/30/23,Hamburg Office - Administrative or Professional 1,60860.06907,kwh,0,,
7/1/23,7/31/23,Hamburg Office - Administrative or Professional 1,623.8863486,kwh,0,,
8/1/23,8/31/23,Hamburg Office - Administrative or Professional 1,633.7443766,kwh,0,,
9/1/23,9/30/23,Hamburg Office - Administrative or Professional 1,636.618409,kwh,0,,
10/1/23,10/31/23,Hamburg Office - Administrative or Professional 1,632.0546993,kwh,0,,
11/1/23,11/30/23,Hamburg Office - Administrative or Professional 1,620.7737568,kwh,0,,
12/1/23,12/31/23,Hamburg Office - Administrative or Professional 1,60455.65943,kwh,0,,
1/1/22,1/31/22,Naples Office - Mixed use 1,1076.181214,kwh,0,,
2/1/22,2/28/22,Naples Office - Mixed use 1,1110.493023,kwh,0,,
3/1/22,3/31/22,Naples Office - Mixed use 1,1140.755655,kwh,0,,
4/1/22,4/30/22,Naples Office - Mixed use 1,1162.191306,kwh,0,,
5/1/22,5/31/22,Naples Office - Mixed use 1,1171.415759,kwh,0,,
6/1/22,6/30/22,Naples Office - Mixed use 1,1166.972674,kwh,0,,
7/1/22,7/31/22,Naples Office - Mixed use 1,1149.563518,kwh,0,,
8/1/22,8/31/22,Naples Office - Mixed use 1,112193.6813,kwh,0,,
9/1/22,9/30/22,Naples Office - Mixed use 1,1088.454209,kwh,0,,
10/1/22,10/31/22,Naples Office - Mixed use 1,1054.401872,kwh,0,,
11/1/22,11/30/22,Naples Office - Mixed use 1,1025.155918,kwh,0,,
12/1/22,12/31/22,Naples Office - Mixed use 1,1005.33364,kwh,0,,
1/1/23,1/31/23,Naples Office - Mixed use 1,958.1419582,kwh,0,,
2/1/23,2/28/23,Naples Office - Mixed use 1,964.3163983,kwh,0,,
3/1/23,3/31/23,Naples Office - Mixed use 1,982.6688066,kwh,0,,
4/1/23,4/30/23,Naples Office - Mixed use 1,1010.301741,kwh,0,,
5/1/23,5/31/23,Naples Office - Mixed use 1,1042.85257,kwh,0,,
6/1/23,6/30/23,Naples Office - Mixed use 1,1075.182231,kwh,0,,
7/1/23,7/31/23,Naples Office - Mixed use 1,1102.186584,kwh,0,,
8/1/23,8/31/23,Naples Office - Mixed use 1,1119.602234,kwh,0,,
9/1/23,9/30/23,Naples Office - Mixed use 1,1124.679633,kwh,0,,
10/1/23,10/31/23,Naples Office - Mixed use 1,1116.617172,kwh,0,,
11/1/23,11/30/23,Naples Office - Mixed use 1,1096.687735,kwh,0,,
12/1/23,12/31/23,Naples Office - Mixed use 1,1068.037743,kwh,0,,
1/1/22,1/31/22,Venice Office - Administrative or Professional 1,960.4026404,kwh,0,,
2/1/22,2/28/22,Venice Office - Administrative or Professional 1,0,kwh,0,,
3/1/22,3/31/22,Venice Office - Administrative or Professional 1,1018.029983,kwh,0,,
4/1/22,4/30/22,Venice Office - Administrative or Professional 1,1037.159527,kwh,0,,
5/1/22,5/31/22,Venice Office - Administrative or Professional 1,1045.391587,kwh,0,,
6/1/22,6/30/22,Venice Office - Administrative or Professional 1,1041.426502,kwh,0,,
7/1/22,7/31/22,Venice Office - Administrative or Professional 1,1025.890271,kwh,0,,
8/1/22,8/31/22,Venice Office - Administrative or Professional 1,0,kwh,0,,
9/1/22,9/30/22,Venice Office - Administrative or Professional 1,971.3552719,kwh,0,,
10/1/22,10/31/22,Venice Office - Administrative or Professional 1,940.9663805,kwh,0,,
11/1/22,11/30/22,Venice Office - Administrative or Professional 1,914.8667878,kwh,0,,
12/1/22,12/31/22,Venice Office - Administrative or Professional 1,897.1770456,kwh,0,,
1/1/23,1/31/23,Venice Office - Administrative or Professional 1,855.0623763,kwh,0,,
2/1/23,2/28/23,Venice Office - Administrative or Professional 1,860.572553,kwh,0,,
3/1/23,3/31/23,Venice Office - Administrative or Professional 1,876.950558,kwh,0,,
4/1/23,4/30/23,Venice Office - Administrative or Professional 1,901.6106646,kwh,0,,
5/1/23,5/31/23,Venice Office - Administrative or Professional 1,930.6595841,kwh,0,,
6/1/23,6/30/23,Venice Office - Administrative or Professional 1,95951.11308,kwh,0,,
7/1/23,7/31/23,Venice Office - Administrative or Professional 1,983.6102799,kwh,0,,
8/1/23,8/31/23,Venice Office - Administrative or Professional 1,0,kwh,0,,
9/1/23,9/30/23,Venice Office - Administrative or Professional 1,1003.683464,kwh,0,,
10/1/23,10/31/23,Venice Office - Administrative or Professional 1,996.4883846,kwh,0,,
11/1/23,11/30/23,Venice Office - Administrative or Professional 1,978.7030123,kwh,0,,
12/1/23,12/31/23,Venice Office - Administrative or Professional 1,953.1352663,kwh,0,,
1/1/22,1/31/22,Bilbao Office - Administrative or Professional 1,520.2502647,kwh,0,,
2/1/22,2/28/22,Bilbao Office - Administrative or Professional 1,536.8373667,kwh,0,,
3/1/22,3/31/22,Bilbao Office - Administrative or Professional 1,551.4670053,kwh,0,,
4/1/22,4/30/22,Bilbao Office - Administrative or Professional 1,561.8294825,kwh,0,,
5/1/22,5/31/22,Bilbao Office - Administrative or Professional 1,566.2887908,kwh,0,,
6/1/22,6/30/22,Bilbao Office - Administrative or Professional 1,564.1409035,kwh,0,,
7/1/22,7/31/22,Bilbao Office - Administrative or Professional 1,555.7249249,kwh,0,,
8/1/22,8/31/22,Bilbao Office - Administrative or Professional 1,542.3695528,kwh,0,,
9/1/22,9/30/22,Bilbao Office - Administrative or Professional 1,526.183307,kwh,0,,
10/1/22,10/31/22,Bilbao Office - Administrative or Professional 1,509.7216396,kwh,0,,
11/1/22,11/30/22,Bilbao Office - Administrative or Professional 1,495.583486,kwh,0,,
12/1/22,12/31/22,Bilbao Office - Administrative or Professional 1,486.0009499,kwh,0,,
1/1/23,1/31/23,Bilbao Office - Administrative or Professional 1,521.0858551,kwh,0,,
2/1/23,2/28/23,Bilbao Office - Administrative or Professional 1,524.4438266,kwh,0,,
3/1/23,3/31/23,Bilbao Office - Administrative or Professional 1,534.4247906,kwh,0,,
4/1/23,4/30/23,Bilbao Office - Administrative or Professional 1,549.4529722,kwh,0,,
5/1/23,5/31/23,Bilbao Office - Administrative or Professional 1,567.1557521,kwh,0,,
6/1/23,6/30/23,Bilbao Office - Administrative or Professional 1,584.7382505,kwh,0,,
7/1/23,7/31/23,Bilbao Office - Administrative or Professional 1,599.4245776,kwh,0,,
8/1/23,8/31/23,Bilbao Office - Administrative or Professional 1,608.8960852,kwh,0,,
9/1/23,9/30/23,Bilbao Office - Administrative or Professional 1,611.6574306,kwh,0,,
10/1/23,10/31/23,Bilbao Office - Administrative or Professional 1,607.2726579,kwh,0,,
11/1/23,11/30/23,Bilbao Office - Administrative or Professional 1,596.4340265,kwh,0,,
12/1/23,12/31/23,Bilbao Office - Administrative or Professional 1,580.8527179,kwh,0,,
1/1/22,1/31/22,Belo Horizonte Office - Mixed use 1,1107.466067,kwh,0,,
2/1/22,2/28/22,Belo Horizonte Office - Mixed use 1,1142.775329,kwh,0,,
3/1/22,3/31/22,Belo Horizonte Office - Mixed use 1,1173.917703,kwh,0,,
4/1/22,4/30/22,Belo Horizonte Office - Mixed use 1,1195.976494,kwh,0,,
5/1/22,5/31/22,Belo Horizonte Office - Mixed use 1,1205.469103,kwh,0,,
6/1/22,6/30/22,Belo Horizonte Office - Mixed use 1,1200.896857,kwh,0,,
7/1/22,7/31/22,Belo Horizonte Office - Mixed use 1,0,kwh,0,,
8/1/22,8/31/22,Belo Horizonte Office - Mixed use 1,1154.551792,kwh,0,,
9/1/22,9/30/22,Belo Horizonte Office - Mixed use 1,1120.095841,kwh,0,,
10/1/22,10/31/22,Belo Horizonte Office - Mixed use 1,1085.053594,kwh,0,,
11/1/22,11/30/22,Belo Horizonte Office - Mixed use 1,1054.957453,kwh,0,,
12/1/22,12/31/22,Belo Horizonte Office - Mixed use 1,1034.558937,kwh,0,,
1/1/23,1/31/23,Belo Horizonte Office - Mixed use 1,0,kwh,0,,
2/1/23,2/28/23,Belo Horizonte Office - Mixed use 1,992.3493134,kwh,0,,
3/1/23,3/31/23,Belo Horizonte Office - Mixed use 1,1011.235231,kwh,0,,
4/1/23,4/30/23,Belo Horizonte Office - Mixed use 1,1039.671462,kwh,0,,
5/1/23,5/31/23,Belo Horizonte Office - Mixed use 1,1073.168551,kwh,0,,
6/1/23,6/30/23,Belo Horizonte Office - Mixed use 1,1106.438044,kwh,0,,
7/1/23,7/31/23,Belo Horizonte Office - Mixed use 1,1134.227419,kwh,0,,
8/1/23,8/31/23,Belo Horizonte Office - Mixed use 1,1152.149347,kwh,0,,
9/1/23,9/30/23,Belo Horizonte Office - Mixed use 1,1157.374347,kwh,0,,
10/1/23,10/31/23,Belo Horizonte Office - Mixed use 1,1149.077508,kwh,0,,
11/1/23,11/30/23,Belo Horizonte Office - Mixed use 1,1128.568717,kwh,0,,